{
    "$schema": "https://schema.management.azure.com/schemas/2015-01-01/deploymentParameters.json#",
    "contentVersion": "1.0.0.0",
    "parameters": {
        "vulnerabilityAssessments_Default_storageContainerPath": {
            "value": null
        },
        "servers_serverponleb_name": {
            "value": null
        },
        "batchAccounts_batchponleb_name": {
            "value": null
        },
        "workspaces_Databricksponleb_name": {
            "value": null
        },
        "storageAccounts_storageaccountponleb_name": {
            "value": null
        }
    }
}